DATA,CE_SECO,CMO_SECO,EA_SECO,GE_SECO,DM_SECO,PLD_SECO,MPI_SECO_50,MPC_SECO,LPI_SECO_50,LPC_SECO,
1/7/2012,"34,894.20",31.47,137678.00,"37,607.73","42,118.64",46.71,89.82,58.32,121.38,90.75,
1/14/2012,"36,101.74",8.2,145115.00,"38,600.76","43,049.16",29.28,78.33,43.38,123.25,89.38,
1/21/2012,"36,780.35",9.5,150465.00,"39,183.83","44,018.36",12.2,70.67,33.64,128.38,88.38,
1/28/2012,"36,266.31",12.91,153595.00,"38,921.75","44,896.02",12.2,65.00,32.53,123.63,87.63,
2/4/2012,"39,173.61",38.81,153962.00,"40,420.75","47,404.00",15.62,66.17,37.21,117.75,87.13,
2/11/2012,"37,700.82",58.02,157037.00,"39,287.78","44,438.66",36.88,77.83,50.72,116.63,86.63,
2/18/2012,"35,688.13",64.98,159190.00,"35,615.55","45,362.73",55.13,94.67,66.48,116.88,87.00,
2/25/2012,"39,449.33",72.01,160091.00,"39,388.36","47,463.32",62.77,101.33,73.16,118.25,88.00,
3/3/2012,"39,092.50",101.77,158496.00,"38,819.14","46,364.05",67.55,110.83,80.80,126.13,94.13,
3/10/2012,"38,525.21",140.75,156975.00,"39,016.66","45,963.13",97.15,150.00,117.84,137.13,103.50,
3/17/2012,"37,497.53",147.23,157030.00,"38,252.86","46,132.01",137.24,171.83,144.07,139.25,106.50,
3/24/2012,"37,872.36",138.89,156985.00,"38,877.14","45,799.42",140.63,177.33,149.27,139.13,106.88,
3/31/2012,"36,621.89",191.57,156566.00,"39,127.30","44,978.03",132.55,173.59,142.76,136.50,108.25,
4/7/2012,"37,432.71",197.54,155338.00,"40,135.89","45,109.81",185.65,211.47,180.97,136.63,106.38,
4/14/2012,"37,226.54",207.66,153297.00,"40,574.84","44,664.88",192.04,246.00,216.00,135.38,105.13,
4/21/2012,"36,125.11",196.48,151869.00,"39,759.08","44,906.27",202.08,249.05,220.08,136.50,104.94,
4/28/2012,"33,828.84",191.6,152507.00,"37,407.89","43,437.88",191.6,240.62,209.68,135.25,104.13,
5/5/2012,"34,712.60",180.29,151005.00,"38,921.18","43,332.76",189.07,227.50,193.92,133.25,103.13,
5/12/2012,"34,362.09",172.55,149332.00,"39,583.74","43,417.61",179.96,217.07,182.02,132.13,100.88,
5/19/2012,"33,606.22",191.86,147017.00,"39,827.64","43,231.96",170.51,206.95,179.00,131.38,99.75,
5/26/2012,"34,451.51",178.29,144508.00,"40,050.96","43,816.25",190.84,221.10,189.50,133.00,102.00,
6/2/2012,"31,767.45",146.82,144324.00,"36,442.90","43,548.15",177.28,217.21,175.99,136.25,104.12,
6/9/2012,"31,668.49",148.47,144366.00,"35,367.67","42,414.87",146.75,194.61,155.20,134.13,101.45,
6/16/2012,"32,928.81",102.62,144646.00,"35,034.17","43,979.21",147.83,176.80,139.05,132.38,98.38,
6/23/2012,"33,210.21",77.38,145185.00,"34,976.72","43,588.16",102.87,150.73,116.67,130.90,94.85,
6/30/2012,"33,300.53",56.58,142775.00,"35,860.85","43,106.66",76.95,128.76,94.02,129.15,94.39,
7/7/2012,"32,343.47",95.52,140442.00,"35,561.14","42,853.79",56.3,114.33,80.06,126.58,92.48,
7/14/2012,"31,890.13",107.04,138122.00,"35,732.54","42,054.52",95,132.00,95.33,125.82,93.40,
7/21/2012,"32,548.18",104.41,135411.00,"36,167.02","43,424.04",106.43,138.89,106.00,129.36,94.11,
7/28/2012,"34,822.96",89.22,132304.00,"34,916.82","43,150.87",103.86,141.63,105.55,128.42,92.45,
8/4/2012,"34,703.07",107.61,128829.00,"34,868.95","43,178.93",88.35,137.19,103.32,127.39,93.27,
8/11/2012,"34,927.28",117.48,124511.00,"36,442.37","43,299.43",106.59,140.20,109.00,128.88,94.67,
8/18/2012,"34,906.90",129.94,119898.00,"37,585.10","43,454.61",116.3,142.15,108.37,129.49,94.71,
8/25/2012,"34,588.60",138.81,115108.00,"37,943.39","43,081.31",128.76,157.79,125.00,130.48,93.57,
9/1/2012,"34,606.48",175.66,110476.00,"37,612.78","43,388.89",137.76,162.77,132.23,130.72,94.64,
9/8/2012,"36,566.85",182.23,105618.00,"38,115.96","44,392.44",173.95,159.44,125.96,131.72,100.02,
9/15/2012,"37,545.98",190.65,100648.00,"38,583.70","45,631.74",181.4,166.95,135.97,132.18,102.15,
9/22/2012,"34,687.03",188.5,97024.00,"38,468.68","43,499.27",190.19,166.34,132.03,131.01,101.02,
9/29/2012,"36,189.37",178.99,91886.00,"39,454.22","44,675.72",187.45,159.17,127.60,129.58,102.70,
10/6/2012,"36,541.55",242.37,86848.00,"39,179.92","44,853.87",180.51,151.40,118.57,133.14,101.98,
10/13/2012,"35,316.36",322.02,82228.00,"39,703.80","43,341.95",243.09,172.81,146.26,129.53,102.32,
10/20/2012,"37,020.93",289.93,77235.00,"40,901.17","45,079.99",322.49,221.18,192.10,135.74,107.56,
10/27/2012,"37,593.72",362.35,72962.00,"40,262.08","47,423.74",288.17,236.97,206.35,135.56,107.44,
11/3/2012,"35,277.14",431.73,69665.00,"39,803.58","42,651.80",361.89,292.97,269.06,139.23,112.48,
11/10/2012,"33,877.60",453.85,68693.00,"39,250.36","42,501.09",429.01,235.81,209.80,141.93,112.24,
11/17/2012,"33,965.00",317.93,66266.00,"40,129.25","43,143.10",451.82,237.39,211.55,136.96,112.72,
11/24/2012,"35,578.27",312.87,63831.00,"41,586.66","43,417.40",315.12,227.11,200.67,135.59,111.02,
12/1/2012,"37,495.75",200.26,61437.00,"41,538.93","47,138.30",310.18,217.07,189.30,134.98,111.11,
12/8/2012,"38,872.50",265.89,58945.00,"41,738.63","46,524.80",203.27,181.62,153.84,131.09,111.15,
12/15/2012,"37,842.85",181.9,59038.00,"40,491.03","45,170.08",271.65,194.00,165.21,134.88,108.58,
12/22/2012,"35,457.14",341.61,57980.00,"37,638.73","43,355.60",184.86,201.96,171.83,134.90,109.31,
12/29/2012,"33,179.81",341.01,57585.00,"35,171.10","41,638.56",343.4,237.26,210.70,136.54,112.47,
1/5/2013,"36,117.27",554.95,57951.00,"35,683.49","46,872.90",341.66,298.25,276.55,137.14,115.09,
1/12/2013,"33,654.21",336.29,65125.00,"34,179.51","42,984.78",554.82,294.66,264.96,143.41,118.17,
1/19/2013,"34,486.76",477.81,69741.00,"35,265.91","44,362.54",339.83,307.05,274.01,144.43,113.98,
1/26/2013,"34,808.90",304.56,75922.00,"35,590.06","44,188.45",479.82,294.64,262.41,143.58,116.04,
2/2/2013,"35,508.24",172.95,82110.00,"36,021.19","43,157.61",307.52,275.75,250.19,143.66,115.17,
2/9/2013,"35,107.54",155.02,87108.00,"36,439.04","47,712.45",174.99,220.42,191.76,136.54,111.81,
2/16/2013,"38,696.48",214.41,89751.00,"37,526.39","48,549.12",156.62,215.69,191.53,132.91,111.34,
2/23/2013,"37,630.83",309.16,91880.00,"36,067.49","48,076.16",214.62,231.22,205.12,135.18,110.38,
3/2/2013,"37,832.34",368.56,94045.00,"36,417.13","48,099.36",312.59,280.23,248.11,140.19,115.03,
3/9/2013,"38,231.11",336.12,96524.00,"37,143.14","47,962.31",373.9,339.55,307.12,143.01,116.39,
3/16/2013,"35,601.32",336.01,100907.00,"33,903.45","44,459.69",341.98,360.19,326.00,144.02,118.36,
3/23/2013,"34,580.22",314.85,106941.00,"33,003.18","44,816.03",338.89,354.50,325.19,146.41,121.82,
3/30/2013,"35,061.02",296.48,111729.00,"33,582.44","44,874.50",319.56,368.21,336.36,147.82,122.81,
4/6/2013,"35,478.89",187.28,117573.00,"34,943.88","44,732.50",299.64,371.33,341.00,150.54,126.78,
4/13/2013,"33,951.43",149.67,122478.00,"34,215.29","43,248.69",189.11,357.76,321.29,150.63,124.91,
4/20/2013,"33,254.11",126.89,124851.00,"32,513.40","43,650.79",150.3,307.33,269.70,152.09,124.16,
4/27/2013,"33,242.96",273.94,125809.00,"32,470.20","44,437.70",128.33,295.98,257.95,150.83,123.93,
5/4/2013,"33,236.40",337.12,125648.00,"32,951.74","43,857.11",277.68,323.85,287.70,153.17,125.32,
5/11/2013,"33,609.92",352.14,124817.00,"33,377.07","44,713.99",349.42,373.15,333.77,154.55,128.00,
5/18/2013,"32,951.56",351.45,124408.00,"32,621.67","43,498.26",356.57,377.02,340.84,158.51,129.65,
5/25/2013,"31,959.16",352.07,125900.00,"32,042.97","43,804.49",354.32,375.58,341.96,158.03,128.44,
6/1/2013,"32,556.93",320.94,128021.00,"34,084.67","43,052.58",356.02,378.18,341.18,158.82,129.01,
6/8/2013,"33,048.39",175.52,128127.00,"35,166.64","43,264.66",323.54,345.29,310.01,157.41,129.18,
6/15/2013,"33,418.00",187.86,127480.00,"35,534.63","44,703.28",180.62,318.20,288.79,157.43,127.55,
6/22/2013,"33,547.86",160.84,127734.00,"33,501.82","45,610.00",192.06,286.33,252.26,156.88,126.83,
6/29/2013,"33,020.84",94.83,127734.00,"32,167.70","43,407.54",166.07,244.09,212.52,155.46,126.05,
7/6/2013,"32,076.32",103.04,126738.00,"33,452.32","42,686.19",97.15,200.59,172.70,154.30,124.82,
7/13/2013,"33,489.42",118.14,124912.00,"35,006.06","43,720.49",106.35,216.16,187.79,153.59,125.86,
7/20/2013,"33,310.10",123.12,122850.00,"35,294.42","43,644.96",123.73,219.72,192.61,154.55,125.58,
7/27/2013,"32,658.28",148.05,121493.00,"34,452.28","44,033.19",128.18,212.21,184.04,155.25,125.75,
8/3/2013,"34,240.83",159.1,119265.00,"34,857.02","44,950.94",153.04,224.32,196.20,155.43,126.26,
8/10/2013,"33,847.08",141.48,116919.00,"33,980.24","44,718.02",165.67,250.36,220.03,157.06,127.70,
8/17/2013,"33,876.69",166.32,114190.00,"33,580.32","44,429.87",147.27,256.71,228.07,157.92,128.24,
8/24/2013,"33,836.25",152.48,110984.00,"33,346.65","43,918.45",172.59,264.82,238.40,159.06,129.29,
8/31/2013,"34,325.10",258.02,107862.00,"33,090.59","44,540.32",157.3,263.89,238.75,159.24,128.91,
9/7/2013,"34,151.73",266.54,104494.00,"34,116.74","44,696.90",258.13,261.38,236.71,148.97,120.08,
9/14/2013,"36,045.43",272,101118.00,"34,860.18","45,581.04",270.23,259.03,234.39,148.93,118.88,
9/21/2013,"35,191.28",258.61,98620.00,"33,746.31","45,048.74",274.92,259.31,235.06,147.44,118.88,
9/28/2013,"35,472.17",260.7,96947.00,"33,679.41","45,879.73",260.92,255.29,231.71,147.08,118.99,
10/5/2013,"33,944.43",240.07,96473.00,"33,266.01","44,470.52",265.42,254.14,229.48,147.23,118.48,
10/12/2013,"35,035.47",243.29,94546.00,"35,320.19","45,175.02",242,228.57,199.49,148.04,118.89,
10/19/2013,"36,360.39",243.3,92696.00,"36,009.79","46,784.18",247.56,228.73,201.51,147.51,118.80,
10/26/2013,"35,287.65",307.03,90031.00,"34,355.33","43,163.48",249.21,232.17,205.08,147.34,119.02,
11/2/2013,"34,346.61",315.33,88221.00,"34,702.84","43,640.91",309.23,268.11,241.67,148.41,119.89,
11/9/2013,"35,877.06",314.74,86236.00,"36,582.61","47,836.93",316.38,243.09,214.60,149.09,120.27,
11/16/2013,"35,995.07",333.1,83722.00,"37,025.70","47,511.46",317.87,260.07,225.45,149.59,120.74,
11/23/2013,"35,414.26",356.96,83441.00,"37,742.12","46,522.20",336.58,296.01,260.14,150.87,122.22,
11/30/2013,"32,695.21",303.41,84016.00,"34,922.18","48,941.29",359.46,310.53,273.90,151.38,122.54,
12/7/2013,"36,588.07",271.14,83919.00,"38,993.94","46,420.74",309.62,262.75,227.01,151.48,122.54,
12/14/2013,"35,673.70",303.94,84381.00,"37,906.28","43,522.57",276.99,253.12,216.04,151.01,122.33,
12/21/2013,"32,283.45",290.77,85992.00,"35,623.15","42,112.59",308.1,257.95,220.75,151.67,122.48,
12/28/2013,"34,664.59",247.01,86243.00,"35,831.80","44,475.45",294.31,250.71,216.24,151.39,122.36,
1/4/2014,"38,774.80",280.81,84686.00,"37,444.41","48,421.12",249.92,252.25,216.40,150.48,122.21,
1/11/2014,"38,996.30",386.82,83281.00,"36,335.43","48,849.23",284.27,239.22,208.21,152.76,123.69,
1/18/2014,"38,536.99",407.54,82511.00,"36,068.40","49,138.20",388.98,273.98,240.98,154.88,126.19,
1/25/2014,"40,331.18",481,80592.00,"37,920.99","50,014.40",410.2,287.96,256.99,157.23,128.35,
2/1/2014,"41,464.15","1,065.74",76612.00,"40,080.59","51,260.54",484.43,382.48,354.08,161.14,132.46,
2/8/2014,"41,247.35","1,691.39",71712.00,"40,423.45","50,963.26",822.83,416.38,389.48,164.15,135.83,
2/15/2014,"37,780.99","1,777.54",70680.00,"37,259.63","47,781.09",822.83,468.69,445.93,164.36,137.15,
2/22/2014,"39,187.63","1,685.28",69678.00,"38,055.57","49,812.27",822.83,488.62,467.21,166.54,138.89,
3/1/2014,"35,771.10","1,364.25",70011.00,"34,715.48","46,545.50",822.83,573.64,548.68,167.93,141.29,
3/8/2014,"38,167.19","1,098.92",71733.00,"36,308.57","48,913.39",822.83,490.88,469.14,168.81,142.90,
3/15/2014,"40,191.85","1,331.52",70909.00,"36,813.66","49,555.78",822.83,518.49,499.58,171.83,145.08,
3/22/2014,"37,012.84","1,338.85",72565.00,"33,461.57","46,419.98",822.83,587.00,563.69,174.56,147.63,
3/29/2014,"37,697.93",937.64,73440.00,"34,868.67","47,260.88",822.83,678.85,657.09,177.81,150.86,
4/5/2014,"37,386.29","1,303.77",73535.00,"35,133.25","47,617.56",822.83,703.60,682.11,181.43,153.51,
4/12/2014,"35,019.25","1,172.31",74880.00,"32,095.59","45,719.55",822.83,665.98,643.73,187.56,160.19,
4/19/2014,"33,941.91",996.67,75906.00,"31,553.86","45,525.98",822.83,676.65,656.63,195.86,167.94,
4/26/2014,"32,801.94",915.54,76377.00,"30,655.21","44,008.70",822.83,682.20,661.11,200.03,174.63,
5/3/2014,"36,418.81",793.05,75735.00,"32,905.97","45,225.05",822.83,687.10,665.70,203.01,179.26,
5/10/2014,"35,051.80",904.57,74692.00,"32,550.01","44,920.46",792.95,635.40,613.99,207.46,181.95,
5/17/2014,"35,911.54","1,050.26",75878.00,"33,323.03","45,574.84",822.83,651.79,632.28,210.93,185.68,
5/24/2014,"34,814.60",832.22,75872.00,"31,493.75","44,244.13",822.83,684.68,663.02,215.80,192.29,
5/31/2014,"34,562.12",578.98,75557.00,"31,576.55","44,911.06",817.05,701.45,681.36,218.78,194.56,
6/7/2014,"35,121.42",351.35,75562.00,"31,138.95","44,422.40",577.65,601.13,581.32,222.93,196.04,
6/14/2014,"33,650.84",367.51,75052.00,"31,097.38","44,146.36",299.27,461.10,439.54,218.70,195.13,
6/21/2014,"33,890.52",411.26,74285.00,"31,061.59","44,613.59",384.12,511.92,492.23,223.04,201.57,
6/28/2014,"34,208.03",340.85,73368.00,"31,422.02","45,118.75",435.93,527.31,510.21,224.71,202.97,
7/5/2014,"34,107.48",546.69,72092.00,"31,475.06","43,906.84",368.53,489.96,469.36,228.33,205.68,
7/12/2014,"33,974.19",670.52,71038.00,"31,465.85","44,151.22",545.13,553.11,537.85,229.93,207.43,
7/19/2014,"34,034.57",710.16,69915.00,"30,765.40","44,404.01",651.08,631.14,616.53,232.36,210.92,
7/26/2014,"33,639.62",584.08,69645.00,"31,021.06","43,338.83",715.19,622.89,607.29,234.52,212.89,
8/2/2014,"34,438.91",824.51,68434.00,"31,618.34","43,772.02",581.9,616.06,597.82,238.45,216.43,
8/9/2014,"34,473.54",669.74,66602.00,"32,135.82","44,819.66",809.43,645.10,630.45,242.98,220.97,
8/16/2014,"34,697.58",703.07,64512.00,"31,483.87","44,256.88",649.96,597.80,582.18,245.93,223.57,
8/23/2014,"35,376.89",700.62,62111.00,"32,276.28","45,101.40",697.22,616.27,600.63,248.21,226.03,
8/30/2014,"35,258.82",720,59727.00,"32,354.50","44,989.48",695.03,623.85,609.01,249.95,229.25,
9/6/2014,"35,558.13",693.97,57382.00,"32,038.97","45,512.41",728.81,611.18,595.70,185.45,165.93,
9/13/2014,"36,442.99",759.97,54289.00,"33,570.00","45,069.79",703.31,618.42,601.45,187.27,167.65,
9/20/2014,"36,073.26",731.59,51818.00,"33,423.22","44,808.67",770.63,645.61,628.27,191.05,170.91,
9/27/2014,"36,678.61",664.12,50310.00,"33,497.32","45,631.86",745.91,632.53,615.66,190.92,170.43,
10/4/2014,"35,310.24",693.49,47940.00,"33,412.01","46,004.24",671.68,621.84,607.15,191.62,172.25,
10/11/2014,"39,047.15",802.38,44463.00,"36,383.90","49,026.24",697.51,590.98,578.07,194.30,173.72,
10/18/2014,"37,273.34",852.7,41031.00,"34,312.45","44,830.04",808.68,627.79,612.98,196.12,175.26,
10/25/2014,"36,258.79",890.12,38104.00,"34,888.13","45,820.29",822.83,639.46,623.30,197.60,176.57,
11/1/2014,"37,879.19","1,009.82",35350.00,"34,692.39","46,559.57",822.83,639.02,621.82,198.51,178.21,
11/8/2014,"36,781.88","1,092.07",33484.00,"34,856.52","45,430.34",822.83,566.11,545.72,198.72,178.98,
11/15/2014,"34,518.96","1,125.91",32102.00,"32,839.12","44,624.44",822.83,578.45,560.96,200.44,180.35,
11/22/2014,"37,179.35","1,048.14",30928.00,"35,691.20","45,037.45",822.83,585.15,567.15,199.92,181.16,
11/29/2014,"36,612.65",549.83,32847.00,"35,754.50","45,728.97",822.83,578.12,560.83,201.72,181.74,
12/6/2014,"36,904.22",659.76,32682.00,"36,869.93","45,434.12",548.75,406.57,391.52,201.59,182.45,
12/13/2014,"36,380.57",645.29,34904.00,"36,353.96","45,078.38",676.22,401.39,383.01,203.12,183.78,
12/20/2014,"34,043.04",656.71,38306.00,"34,946.31","43,131.97",658.05,387.11,371.57,203.08,183.57,
12/27/2014,"34,907.69",529.36,39661.00,"33,799.27","43,192.32",658.73,385.98,368.05,202.73,183.47,
1/3/2015,"39,016.77",494.4,39578.00,"34,659.58","49,134.04",388.48,385.70,368.01,202.42,183.30,
1/10/2015,"42,603.03",917.57,37718.00,"38,525.65","51,294.54",388.48,384.46,366.24,203.13,184.51,
1/17/2015,"42,644.26","1,402.96",35326.00,"37,807.41","51,893.96",388.48,387.25,368.88,204.84,186.58,
1/24/2015,"40,352.74","1,445.61",34491.00,"35,667.94","49,278.58",388.48,394.00,377.82,205.73,187.46,
1/31/2015,"39,508.13","1,916.92",34187.00,"35,114.89","48,827.02",388.48,399.22,383.69,207.91,188.77,
2/7/2015,"39,290.81","2,158.57",36470.00,"35,776.03","49,706.19",388.48,400.28,384.94,210.56,191.17,
2/14/2015,"37,251.74","1,314.92",39392.00,"32,571.36","46,292.72",388.48,401.25,387.28,216.99,196.54,
2/21/2015,"40,638.60","1,606.42",41719.00,"35,057.38","48,999.01",388.48,401.24,388.04,221.51,201.24,
2/28/2015,"39,369.84","1,331.34",43296.00,"34,990.30","48,338.14",388.48,400.41,387.41,225.05,205.92,
3/7/2015,"38,599.30","1,256.26",46238.00,"34,986.85","46,541.23",388.48,399.99,387.18,229.41,210.21,
3/14/2015,"38,187.67","1,130.44",50657.00,"35,263.32","46,851.75",388.48,400.20,387.49,232.90,213.52,
3/21/2015,"37,153.06","1,204.34",56171.00,"34,966.73","45,933.81",388.48,399.16,387.45,234.28,215.04,
3/28/2015,"36,828.93",863.46,59684.00,"34,519.61","46,775.14",388.48,398.59,386.14,233.25,214.92,
4/4/2015,"30,622.79",916.06,62852.00,"28,762.12","44,732.06",388.48,398.81,386.23,232.90,214.59,
4/11/2015,"36,750.84",949.64,64172.00,"35,709.88","45,237.00",388.48,397.23,385.06,231.63,213.19,
4/18/2015,"35,785.46",994.27,66344.00,"33,895.93","43,872.83",388.48,395.79,383.35,228.41,210.84,
4/25/2015,"33,572.67",981.29,68550.00,"32,639.52","43,385.37",388.48,393.18,382.52,226.73,209.26,
5/2/2015,"33,573.06",438.97,69815.00,"32,345.82","43,531.12",388.48,386.03,377.02,225.01,205.71,
5/9/2015,"33,205.81",412.51,72030.00,"32,987.31","42,953.34",388.48,376.26,368.65,222.69,203.83,
5/16/2015,"33,231.29",442.06,72607.00,"33,714.20","42,474.68",388.48,376.31,367.55,222.98,204.22,
5/23/2015,"34,322.70",472.23,72924.00,"33,657.44","43,577.74",388.48,372.71,363.05,224.43,205.22,
5/30/2015,"32,257.87",367.91,73873.00,"31,314.41","41,789.47",388.48,370.56,361.53,224.34,205.71,
6/6/2015,"33,231.16",379.34,74099.00,"32,755.42","43,144.26",375.81,357.33,350.00,222.87,204.85,
6/13/2015,"33,232.64",349.18,73670.00,"31,999.99","42,701.13",383.85,359.59,351.46,223.12,204.82,
6/20/2015,"31,770.63",361.45,73653.00,"30,777.67","41,443.35",360.54,352.36,342.95,221.24,202.68,
6/27/2015,"32,018.85",374.24,73165.00,"31,167.17","41,614.96",369.03,349.02,339.67,219.16,201.63,
7/4/2015,"32,132.47",315.48,74155.00,"32,649.08","41,771.32",378.01,343.64,335.89,218.60,200.21,
7/11/2015,"33,291.58",230.62,75452.00,"31,481.41","42,322.05",317.79,270.51,262.95,208.76,192.86,
7/18/2015,"32,926.80",176.96,76081.00,"30,525.82","41,960.52",231.65,237.27,230.76,200.30,183.48,
7/25/2015,"33,121.04",171.13,76088.00,"30,518.23","42,484.07",172.69,178.67,170.13,190.21,172.38,
8/1/2015,"33,764.09",111.57,75262.00,"30,561.81","42,839.01",178.63,177.57,168.38,188.45,171.47,
8/8/2015,"33,853.06",120.99,73830.00,"30,794.61","42,450.20",118.81,182.18,172.23,186.09,170.17,
8/15/2015,"34,437.77",126.93,72031.00,"31,947.81","43,355.60",129.52,189.35,182.91,187.21,171.15,
8/22/2015,"34,264.64",129.37,70163.00,"31,580.34","42,365.41",136.94,200.66,194.20,187.14,171.13,
8/29/2015,"34,494.34",260.37,68328.00,"31,870.08","42,727.11",139.91,202.86,195.31,187.51,170.73,
9/5/2015,"33,176.66",227.15,68023.00,"30,873.72","42,348.26",274.98,246.68,238.58,188.79,172.57,
9/12/2015,"35,002.73",182.68,68821.00,"32,127.21","45,321.50",245.97,216.09,206.10,178.80,162.28,
9/19/2015,"37,623.01",203.36,66759.00,"33,447.98","47,548.12",199.89,194.15,183.73,177.30,161.32,
9/26/2015,"36,539.92",191.07,65035.00,"33,507.29","45,343.16",222.23,193.51,182.94,177.84,161.41,
10/3/2015,"36,233.91",202.38,62698.00,"34,817.60","44,828.10",206.68,190.20,176.47,176.75,160.42,
10/10/2015,"36,654.76",189.49,60637.00,"34,509.91","48,330.11",217.18,189.02,175.20,176.87,159.95,
10/17/2015,"37,643.60",190.86,57980.00,"35,986.27","47,122.14",205.67,185.22,170.42,175.36,159.26,
10/24/2015,"35,881.76",204.17,56481.00,"34,286.31","43,907.71",207.24,182.25,168.30,174.49,158.48,
10/31/2015,"35,519.71",234.6,55956.00,"34,222.33","44,899.79",214.83,182.70,168.76,174.56,158.34,
11/7/2015,"37,101.60",190.84,55522.00,"36,968.20","46,902.21",245.3,186.36,171.50,174.34,158.10,
11/14/2015,"37,063.95",175.48,54803.00,"37,121.38","46,366.56",208.17,186.49,171.83,173.56,157.61,
11/21/2015,"36,116.59",177.83,55961.00,"35,805.30","44,258.27",188.81,186.64,171.06,173.62,157.25,
11/28/2015,"36,199.00",124.48,56592.00,"36,789.38","43,839.29",199.57,183.92,168.94,172.25,155.51,
12/5/2015,"36,502.18",111.01,57849.00,"36,620.35","44,932.67",149.49,171.93,156.76,167.94,152.35,
12/12/2015,"38,243.43",92.18,58440.00,"37,097.14","46,886.24",134.33,150.85,133.85,164.52,148.70,
12/19/2015,"36,028.34",116.49,59375.00,"34,227.80","43,472.05",110.1,135.20,118.02,162.70,146.17,
12/26/2015,"34,442.57",27.8,60871.00,"32,743.57","41,150.64",140.15,134.44,118.99,162.15,146.24,
1/2/2016,"36,262.41",20.64,63159.00,"35,785.77","45,110.88",50.59,125.60,107.85,157.51,142.36,
1/9/2016,"38,241.69",12.6,69300.00,"38,525.10","45,027.40",46.02,120.26,100.26,154.63,138.20,
1/16/2016,"35,317.60",9.66,81960.00,"38,347.12","42,128.36",35.76,103.47,84.23,150.65,134.61,
1/23/2016,"37,653.75",6.07,88371.00,"39,777.91","47,004.75",30.25,81.87,62.18,148.08,130.12,
1/30/2016,"39,947.08",2.62,93389.00,"38,433.50","49,164.70",30.25,76.99,58.22,146.04,128.07,
2/6/2016,"37,904.37",0.08,96486.00,"36,733.09","47,748.20",30.25,72.79,56.91,139.70,122.95,
2/13/2016,"40,019.34",1.19,99904.00,"38,213.38","48,767.41",30.25,71.16,56.47,137.52,121.07,
2/20/2016,"39,744.58",1.79,102632.00,"39,174.77","47,850.91",30.25,73.00,58.78,137.30,120.74,
2/27/2016,"38,511.05",21.69,105403.00,"37,902.52","45,786.17",30.25,73.46,59.85,136.54,121.76,
3/5/2016,"38,999.41",37.16,110020.00,"36,863.02","47,616.31",32.16,71.30,58.36,136.77,121.38,
3/12/2016,"37,932.76",19.64,114421.00,"36,974.51","45,945.98",51.93,77.11,63.50,137.15,121.92,
3/19/2016,"38,035.77",15.02,116221.00,"36,731.73","47,868.10",30.58,76.17,62.63,137.51,121.93,
3/26/2016,"38,777.47",29.15,118714.00,"35,980.77","47,366.14",30.25,74.13,60.31,138.12,121.18,
4/2/2016,"15,731.42",32.83,119071.00,"14,786.94","46,583.72",41.82,73.87,60.00,138.85,120.91,
4/9/2016,"11,739.76",37.5,118657.00,"10,663.18","47,502.74",43.13,81.27,65.20,139.61,121.15,
4/16/2016,"38,158.50",39.62,117684.00,"35,274.35","47,629.02",47.79,83.31,67.35,140.79,121.43,
4/23/2016,"36,427.62",40.08,117281.00,"33,696.66","46,905.55",51.45,95.62,80.14,142.93,122.45,
4/30/2016,"33,405.35",64.74,116879.00,"33,910.21","41,971.93",51.03,100.50,85.49,144.20,123.19,
5/7/2016,"35,289.83",57.33,115747.00,"35,604.53","43,345.86",86.45,102.44,87.35,146.71,125.07,
5/14/2016,"34,302.70",54.01,114959.00,"36,213.71","41,979.64",80.39,99.13,83.24,148.66,126.35,
5/21/2016,"33,233.74",51.82,115918.00,"33,490.01","41,920.29",74.51,97.49,81.17,154.76,128.66,
5/28/2016,"34,498.93",40.07,115358.00,"35,086.62","43,200.57",73.31,96.62,79.15,160.10,130.02,
6/4/2016,"34,311.50",38.24,115668.00,"36,822.34","41,806.76",59.68,92.23,74.66,166.87,131.61,
6/11/2016,"32,141.13",36.58,115701.00,"34,528.86","41,621.12",59.54,97.77,79.70,170.49,131.19,
6/18/2016,"32,748.76",36.15,114822.00,"33,672.73","41,527.88",58.29,91.49,73.94,172.87,131.43,
6/25/2016,"32,544.78",47.98,113980.00,"33,090.75","41,173.04",56.8,93.02,74.47,175.42,131.32,
7/2/2016,"33,168.65",54.12,112287.00,"34,146.49","41,898.78",72.94,98.43,80.06,175.52,131.83,
7/9/2016,"33,782.77",57.57,109592.00,"34,771.96","42,713.75",82.14,111.01,92.62,179.79,134.04,
7/16/2016,"33,008.29",52.33,107620.00,"32,787.69","41,524.98",86.22,137.26,119.33,185.18,138.49,
7/23/2016,"33,551.03",50.46,105192.00,"33,345.50","42,616.30",79.96,140.14,122.12,190.32,143.45,
7/30/2016,"33,534.18",93.29,102650.00,"34,377.59","41,886.94",77.36,142.60,122.72,192.27,148.63,
8/6/2016,"34,132.79",92.53,99832.00,"35,085.66","41,934.50",117.58,175.21,157.80,194.43,150.90,
8/13/2016,"34,594.33",89.79,96424.00,"35,882.52","43,201.79",117.44,209.57,185.48,198.05,154.15,
8/20/2016,"33,771.02",70.4,94824.00,"33,271.94","42,370.62",115.63,205.48,184.76,201.02,158.22,
8/27/2016,"34,818.10",128.02,92780.00,"33,576.33","43,329.45",94.51,196.31,176.21,199.02,159.70,
9/3/2016,"33,669.11",126.65,91062.00,"33,322.15","41,937.37",140.71,159.35,140.34,197.10,158.37,
9/10/2016,"35,663.46",128.35,88163.00,"35,568.63","44,235.95",140.71,160.70,140.39,194.31,155.16,
9/17/2016,"35,142.78",128.25,84928.00,"35,211.48","42,818.20",147.87,161.67,142.69,194.05,155.11,
9/24/2016,"34,274.53",140.68,81654.00,"34,596.92","42,167.88",148.26,161.83,142.65,193.61,154.07,
10/1/2016,"33,285.09",198.86,78732.00,"34,507.69","41,291.77",145.5,163.13,144.04,192.08,152.73,
10/8/2016,"33,928.62",203.91,75795.00,"34,324.62","42,917.77",155.22,182.60,159.61,191.36,152.98,
10/15/2016,"38,134.98",184.01,72843.00,"37,379.53","47,858.93",213.29,193.30,168.16,192.14,152.76,
10/22/2016,"36,580.26",152.66,71000.00,"35,580.73","44,829.10",214.32,193.35,168.20,191.32,153.66,
10/29/2016,"34,301.82",221.9,69640.00,"34,321.07","42,470.25",193.41,184.63,160.96,189.66,152.82,
11/5/2016,"35,750.36",224.4,67781.00,"35,615.55","45,467.92",165.81,187.82,163.77,189.63,152.87,
11/12/2016,"33,263.05",216.98,69073.00,"34,708.84","42,255.58",232.85,188.82,159.83,189.07,154.00,
11/19/2016,"33,807.95",190.96,68798.00,"34,759.59","43,007.14",178.59,185.92,157.11,187.57,153.95,
11/26/2016,"35,652.51",172.88,67792.00,"37,147.06","45,393.18",184.23,177.95,145.49,187.32,153.26,
12/3/2016,"35,893.72",127.39,66761.00,"37,007.83","44,595.41",169.9,170.41,135.79,187.54,152.70,
12/10/2016,"35,915.06",152.36,67925.00,"37,438.28","44,484.93",153.48,152.62,111.13,187.22,150.93,
12/17/2016,"35,138.96",134.77,69387.00,"36,463.29","42,251.70",142.85,134.09,88.01,184.19,145.07,
12/24/2016,"36,453.71",107.11,68639.00,"38,237.29","44,188.36",101.99,140.52,95.69,180.93,143.58,
12/31/2016,"38,142.26",133.64,66987.00,"39,283.74","47,136.37",121.56,141.24,97.76,182.23,142.05,
1/7/2017,"40,403.72",80.42,66930.00,"40,211.15","48,802.03",142.93,152.88,108.44,182.13,142.03,
1/14/2017,"38,467.91",109.76,70150.00,"39,126.57","45,811.38",113.62,169.90,120.01,183.59,142.69,
1/21/2017,"38,464.05",110.21,74302.00,"39,105.29","46,908.87",140.86,179.51,126.51,184.87,143.22,
1/28/2017,"39,579.39",80.44,76673.00,"40,307.39","47,627.98",101.24,180.46,120.28,186.03,143.71,
2/4/2017,"39,533.25",94.58,80129.00,"39,671.42","47,058.07",128.5,178.99,117.37,187.65,144.64,
2/11/2017,"40,796.47",103.09,81895.00,"40,988.91","49,317.70",129.9,182.02,130.27,188.92,145.98,
2/18/2017,"42,094.29",113.1,81387.00,"42,315.97","50,658.36",100.64,198.40,154.91,192.95,149.64,
2/25/2017,"37,951.38",169.28,82270.00,"39,002.25","47,586.27",111.91,213.96,169.61,195.84,152.74,
3/4/2017,"40,865.69",169.23,84179.00,"41,801.31","49,893.58",120.97,219.48,179.52,196.05,156.81,
3/11/2017,"41,065.43",222.29,83624.00,"41,189.39","48,768.85",132.38,240.43,196.32,198.70,158.91,
3/18/2017,"37,516.84",204.12,84229.00,"39,262.52","46,008.77",184.49,303.63,263.16,203.34,163.70,
3/25/2017,"37,512.47",221.01,84294.00,"40,122.73","44,406.82",185.06,307.43,261.81,205.98,163.89,
4/1/2017,"37,298.69",420.28,84106.00,"39,784.16","45,923.31",238.55,315.32,270.00,207.18,165.82,
4/8/2017,"36,867.65",351.28,84661.00,"37,804.89","46,234.86",219.1,430.94,381.66,210.75,169.87,
4/15/2017,"35,393.00",344.16,84197.00,"37,722.63","43,201.86",235.67,421.12,378.83,213.69,172.24,
4/22/2017,"35,288.21",324.65,84665.00,"37,558.20","43,739.63",426.1,406.67,363.82,214.29,173.17,
4/29/2017,"33,067.65",452.41,85014.00,"35,751.03","42,737.43",356.68,397.58,354.07,214.40,173.60,
5/6/2017,"34,544.35",461.1,85077.00,"37,743.10","42,502.93",350.66,364.02,319.83,216.45,175.44,
5/13/2017,"34,774.08",471.84,84412.00,"37,333.43","42,902.68",331.01,357.84,314.04,218.75,175.68,
5/20/2017,"34,703.42",468.54,87555.00,"35,625.05","42,970.52",448.58,357.73,315.28,217.66,176.00,
5/27/2017,"33,952.47",104.4,87977.00,"33,990.73","41,851.97",463.69,303.55,267.00,217.19,175.39,
6/3/2017,"35,097.76",91.73,87606.00,"32,830.83","43,947.13",477.5,195.81,155.35,215.77,172.82,
6/10/2017,"33,287.90",80.38,87181.00,"32,011.33","42,642.04",478.01,206.24,166.36,212.97,171.20,
6/17/2017,"33,485.56",119.64,86711.00,"31,865.22","42,063.27",118.77,237.66,200.02,212.65,171.84,
6/24/2017,"33,208.10",155.19,85638.00,"31,060.00","42,405.65",103.07,256.50,212.43,212.99,172.27,
7/1/2017,"32,497.82",230.24,84461.00,"31,752.27","41,591.96",93.9,264.91,217.83,213.69,172.44,
7/8/2017,"32,788.35",253.57,82965.00,"32,986.09","41,997.99",140.18,270.94,222.21,215.47,172.16,
7/15/2017,"32,649.89",270.71,81094.00,"33,218.70","41,186.83",160.62,268.62,219.32,214.64,170.40,
7/22/2017,"33,000.00",273.23,78374.00,"33,810.44","42,305.31",233.32,282.32,233.00,213.54,169.31,
7/29/2017,"32,891.27",514.12,75691.00,"33,368.90","41,688.54",253.45,303.80,252.45,212.71,169.48,
8/5/2017,"33,513.37",549.19,72687.00,"33,589.78","42,599.79",266.98,339.37,287.84,213.90,168.21,
8/12/2017,"34,037.93",519.43,69931.00,"34,156.92","42,092.99",269.76,255.50,206.37,214.50,168.08,
8/19/2017,"33,558.06",505.86,68583.00,"33,030.53","41,320.47",514.66,264.94,216.63,215.84,167.73,
8/26/2017,"34,069.90",445.86,65642.00,"34,742.12","42,972.20",533.82,317.05,270.78,213.61,167.66,
9/2/2017,"33,510.28",489.85,62545.00,"33,831.50","42,661.29",521.83,346.83,299.01,214.78,167.78,
9/9/2017,"36,037.07",599.9,58618.00,"33,937.39","44,988.11",505.61,289.03,241.61,201.45,156.92,
9/16/2017,"36,638.08",672.73,54354.00,"35,933.10","44,181.73",449.04,339.02,290.21,204.00,157.78,
9/23/2017,"36,251.00",725.7,49816.00,"37,160.12","44,298.50",494.46,384.34,338.25,205.11,158.69,
9/30/2017,"35,256.54",709.9,45947.00,"37,621.89","45,247.58",533.82,354.09,307.18,205.23,158.54,
10/7/2017,"36,981.26",690.75,42861.00,"36,875.62","47,528.09",533.82,329.19,279.35,204.67,159.48,
10/14/2017,"37,458.47",860.84,39218.00,"36,032.07","46,878.47",533.82,347.10,300.41,207.74,159.91,
10/21/2017,"36,724.66",860.45,36382.00,"34,010.01","44,167.06",533.82,363.71,312.08,207.62,161.41,
10/28/2017,"35,229.48",823.16,36209.00,"34,741.87","42,695.54",533.82,342.87,284.02,208.17,160.67,
11/4/2017,"35,731.24",479.88,36424.00,"36,482.88","44,105.75",533.82,368.21,313.37,208.93,160.35,
11/11/2017,"35,770.56",476.84,36364.00,"36,272.81","46,478.33",533.82,286.70,232.56,207.09,160.03,
11/18/2017,"35,783.01",446.07,37100.00,"35,819.70","42,934.95",533.82,274.78,212.92,207.17,159.76,
11/25/2017,"36,624.73",204.32,38253.00,"37,468.32","44,379.00",483.21,256.74,195.73,204.23,158.67,
12/2/2017,"36,534.89",216.24,40221.00,"39,767.05","44,550.73",481.66,218.44,150.76,203.92,157.65,
12/9/2017,"37,299.82",212.42,41045.00,"41,809.97","45,267.38",449.83,215.90,149.96,206.73,157.67,
12/16/2017,"38,388.54",273.61,42312.00,"40,629.92","46,501.22",208.53,245.05,182.36,206.11,158.56,
12/23/2017,"35,872.20",241.14,44744.00,"37,194.32","42,975.20",220.16,250.21,180.29,208.03,158.41,
12/30/2017,"35,310.68",178.62,49402.79,"36,866.32","43,047.00",214.51,258.73,186.21,206.54,158.85,
1/6/2018,"37,228.53",160.1,57108.45,"38,805.42","45,789.72",274.98,254.65,184.78,206.47,158.42,
1/13/2018,"40,035.12",142.22,60447.87,"40,219.87","49,911.15",245.63,233.03,164.95,204.38,158.14,
1/20/2018,"41,920.49",172.05,61487.90,"40,327.06","50,852.86",196.1,192.87,132.25,203.09,157.54,
1/27/2018,"39,050.93",157.33,64063.73,"38,732.62","47,528.54",176.64,212.33,153.93,203.42,157.44,
2/3/2018,"38,250.03",163.2,67883.67,"38,863.07","47,890.43",162.95,209.48,155.57,202.44,156.99,
2/10/2018,"37,778.89",150.57,70635.77,"37,985.02","45,516.49",192.89,231.21,186.00,202.35,158.09,
2/17/2018,"39,528.16",197.74,72273.88,"39,450.51","47,366.92",175.04,245.56,201.61,200.20,158.33,
2/24/2018,"39,243.58",195.56,75360.93,"39,597.01","48,466.31",179.42,284.10,244.35,203.84,161.04,
3/3/2018,"40,466.28",222.56,77930.46,"41,008.67","49,240.08",170.45,277.83,239.20,207.16,163.13,
3/10/2018,"40,772.00",234.52,80511.35,"42,255.37","50,026.88",210.79,288.49,248.11,211.37,165.39,
3/17/2018,"40,435.87",218.23,82698.16,"41,568.37","49,884.47",201.98,286.34,247.74,216.36,170.20,
3/24/2018,"38,603.89",226.96,85635.38,"39,626.56","47,055.67",223.21,284.07,247.28,216.26,171.14,
3/31/2018,"38,391.79",17.71,87087.91,"37,903.42","46,275.18",236.02,257.57,215.98,219.22,171.93,
4/7/2018,"37,652.86",84.59,88720.84,"37,709.15","45,261.93",219.5,203.28,165.18,215.97,168.62,
4/14/2018,"35,510.08",119.18,90084.47,"35,864.88","42,815.09",228.54,232.24,197.11,214.38,169.19,
4/21/2018,"36,020.36",133.41,89362.77,"36,638.09","44,496.27",40.16,211.60,172.75,215.00,168.87,
4/28/2018,"35,617.02",219.51,88633.72,"35,811.64","43,903.78",84.83,234.70,199.57,217.86,170.54,
5/5/2018,"35,918.61",291.87,87571.64,"35,861.92","43,095.78",122.73,267.08,233.68,219.03,171.78,
5/12/2018,"35,782.06",306.37,86666.59,"35,206.42","43,549.66",135.38,258.78,224.07,219.52,171.75,
5/19/2018,"32,848.42",323.54,86625.27,"33,656.24","41,329.86",216.86,282.23,249.41,218.11,172.72,
5/26/2018,"30,381.96",411.43,86039.55,"30,758.86","39,847.90",305.96,350.66,316.60,222.24,174.47,
6/2/2018,"33,018.55",431.97,85086.50,"33,902.54","41,345.60",326.46,335.81,302.45,221.96,175.82,
6/9/2018,"34,653.41",466.08,83966.38,"34,556.23","43,515.38",340.8,352.10,321.00,223.41,177.10,
6/16/2018,"33,683.80",471.15,82789.99,"33,851.98","42,539.35",402.29,386.11,359.04,225.45,178.34,
6/23/2018,"34,549.36",515.05,80854.10,"34,943.13","42,985.81",440.98,403.63,380.04,225.79,179.44,
6/30/2018,"34,194.08",517.64,78540.95,"35,141.93","43,062.31",472.21,418.90,397.21,227.00,180.20,
7/7/2018,"33,196.39",543.75,76325.68,"34,414.65","42,169.18",477.77,383.88,361.37,227.63,180.78,
7/14/2018,"34,221.98",588.3,73686.41,"33,728.45","43,353.72",505.18,393.28,374.23,225.35,180.85,
7/21/2018,"34,090.67",603.83,70973.18,"32,430.02","42,870.81",505.18,421.32,400.88,227.21,181.48,
7/28/2018,"34,511.69",763.77,68357.20,"33,138.11","42,565.58",505.18,439.42,419.75,227.62,181.70,
8/4/2018,"34,439.55",784.9,66307.44,"32,784.15","42,768.71",505.18,453.14,434.76,228.04,182.18,
8/11/2018,"33,919.71",757.84,63414.38,"34,129.66","42,216.16",505.18,408.46,389.15,228.34,182.34,
8/18/2018,"34,708.22",763.67,59836.36,"34,193.58","43,431.52",505.18,435.51,418.15,227.08,181.93,
8/25/2018,"34,288.67",766.28,56718.86,"33,615.40","43,106.61",505.18,408.83,387.05,226.20,181.06,
9/1/2018,"34,095.05",472.16,54144.48,"32,609.87","41,922.91",505.18,420.51,400.50,225.19,180.67,
9/8/2018,"34,943.57",482.08,51576.05,"30,822.66","43,033.37",505.18,333.62,308.86,206.04,164.82,
9/15/2018,"35,797.90",478.94,49502.14,"31,209.61","44,499.66",505.18,304.96,280.72,207.33,164.48,
9/22/2018,"37,643.57",428.06,47027.81,"34,187.89","46,331.96",486.25,239.69,213.47,206.01,163.63,
9/29/2018,"37,616.15",387.03,44304.28,"35,176.54","47,135.57",496.28,264.76,244.92,206.47,164.16,
10/6/2018,"36,213.05",323.41,43165.02,"34,310.40","45,557.56",491.71,222.79,191.03,205.53,163.80,
10/13/2018,"37,343.36",267.3,41964.37,"36,279.73","46,259.90",441.87,212.12,179.52,205.96,164.24,
10/20/2018,"36,216.86",226.32,41439.77,"35,383.24","44,257.65",386.47,190.07,157.07,205.15,163.95,
10/27/2018,"35,957.38",136.81,40807.46,"36,299.67","45,940.55",325.52,156.38,122.26,203.34,162.34,
11/3/2018,"35,894.13",143.93,40387.44,"35,970.75","42,181.64",270.28,176.36,144.45,201.51,162.24,
11/10/2018,"37,279.18",114.48,41633.10,"37,685.33","47,573.56",229.71,164.44,128.24,201.37,162.16,
11/17/2018,"36,133.62",113.4,43970.25,"36,127.76","44,388.51",142.4,141.48,101.32,199.27,161.08,
11/24/2018,"37,603.19",96.9,48697.27,"36,725.69","46,141.68",149.95,137.74,96.91,199.27,160.53,
12/1/2018,"37,855.40",54.14,52573.32,"38,002.34","46,503.96",120.77,120.45,79.90,198.20,159.49,
12/8/2018,"38,564.10",62.19,53366.70,"38,913.37","49,354.63",119.21,152.98,114.52,197.79,159.35,
12/15/2018,"42,303.55",73.69,52984.80,"39,582.79","50,595.57",100.72,162.65,126.21,197.76,159.15,
12/22/2018,"35,734.72",81.73,54245.49,"33,796.00","43,426.28",59.04,170.39,130.73,198.86,160.14,
12/29/2018,"36,141.39",139.45,56822.55,"35,162.99","46,389.46",66.13,196.93,168.78,198.83,160.74,
1/5/2019,"41,403.14",140.97,58037.17,"39,256.28","50,018.00",79.16,213.72,181.97,198.50,160.89,
1/12/2019,"43,083.72",169.2,56688.11,"41,575.40","52,323.09",87.21,303.09,267.75,198.70,161.84,
1/19/2019,"43,925.53",184.3,55198.10,"39,986.91","54,043.18",136.43,268.60,232.59,202.42,164.28,
1/26/2019,"43,229.84",346.45,53910.12,"40,150.68","53,198.84",138.8,344.54,312.76,205.34,168.41,
2/2/2019,"41,034.90",462.48,53275.82,"38,826.60","47,884.31",166.17,406.22,375.05,210.63,174.12,
2/9/2019,"40,691.19",527.95,53530.22,"39,330.76","50,587.92",178.76,368.23,335.28,213.08,177.05,
2/16/2019,"39,385.31",464.54,56878.16,"39,429.58","48,312.47",337.1,333.12,294.85,214.01,177.46,
2/23/2019,"40,648.92",360.75,60246.43,"39,675.65","50,647.01",451.57,360.89,325.82,215.83,179.34,
3/2/2019,"37,687.38",258.44,66545.75,"37,431.85","48,919.32",510.81,302.59,267.50,214.98,178.50,
3/9/2019,"40,926.64",258.55,71459.57,"37,868.45","48,734.66",472.96,282.07,243.32,214.76,178.87,
3/16/2019,"39,570.23",199.26,76512.12,"36,597.14","49,703.19",339.46,280.00,241.36,214.09,178.99,
3/23/2019,"38,563.00",237.34,80360.50,"35,659.94","47,236.59",251.81,256.05,217.71,216.01,180.10,
3/30/2019,"38,861.38",204.09,81283.70,"36,824.97","48,662.02",250.06,306.26,268.09,217.81,181.66,
4/6/2019,"38,262.87",176.95,84565.69,"36,286.03","44,705.69",199.09,351.32,312.74,219.37,182.43,
4/13/2019,"36,754.69",182.01,88834.63,"36,412.52","44,909.57",229.74,325.12,285.97,219.25,183.05,
4/20/2019,"37,351.86",164.89,90612.73,"35,731.96","45,818.82",210.52,255.11,217.79,218.86,182.22,
4/27/2019,"36,604.44",136.69,91975.99,"34,293.69","44,415.16",181.41,257.02,220.59,219.46,182.60,
5/4/2019,"36,952.89",158.99,93090.06,"33,758.63","44,807.58",186.94,249.36,211.65,220.51,182.90,
5/11/2019,"36,082.56",87,94017.28,"32,001.84","43,785.43",172.38,263.57,227.71,219.55,182.50,
5/18/2019,"34,597.94",124.37,95145.19,"31,614.43","42,905.83",142.12,238.93,204.27,219.94,181.96,
5/25/2019,"35,219.35",117.54,95507.15,"32,101.00","43,544.69",174.86,213.31,178.65,218.53,181.25,
6/1/2019,"34,460.71",0,96727.86,"30,415.01","42,226.84",98.21,181.05,146.36,217.15,179.98,
6/8/2019,"34,292.66",0,96983.41,"30,806.34","43,226.09",136.05,247.14,214.71,216.93,179.52,
6/15/2019,"34,005.60",69.7,96856.95,"31,443.23","43,019.19",128.33,252.75,219.84,216.11,179.63,
6/22/2019,"34,748.54",122.4,95970.53,"31,292.21","43,829.50",42.35,232.40,199.29,215.82,179.61,
6/29/2019,"35,243.54",164.19,95073.79,"31,697.67","43,536.97",42.35,224.72,192.03,216.38,179.86,
7/6/2019,"31,878.86",172.23,94831.07,"29,772.53","41,663.48",78.42,245.70,212.27,217.77,180.59,
7/13/2019,"33,233.89",169.94,93629.91,"30,622.12","42,026.07",124.92,244.95,210.38,217.00,180.06,
7/20/2019,"33,629.75",180.59,92307.54,"30,408.72","42,636.34",170.94,229.04,194.93,216.00,179.58,
7/27/2019,"34,157.84",218.91,90392.59,"31,475.28","42,831.91",177.6,228.70,194.88,215.49,178.25,
8/3/2019,"33,454.98",228.08,88614.41,"31,430.04","42,575.00",175.04,256.69,223.82,215.95,178.81,
8/10/2019,"34,454.12",224.92,86035.30,"32,606.85","42,829.89",186.18,240.97,206.62,214.95,178.27,
8/17/2019,"34,202.95",231.36,82974.69,"33,080.73","41,962.24",225,235.29,199.91,215.06,177.91,
8/24/2019,"34,067.85",238.27,80188.02,"32,567.97","42,574.11",236.35,231.95,197.37,214.38,177.06,
8/31/2019,"35,488.45",195.35,76942.44,"33,930.90","42,974.97",233.3,227.00,192.03,212.70,175.81,
9/7/2019,"37,419.82",203.11,72872.12,"36,593.04","47,972.48",241.04,201.32,164.98,200.51,164.91,
9/14/2019,"39,195.38",220.24,68258.90,"38,558.87","48,378.44",247.08,218.30,183.46,199.59,164.45,
9/21/2019,"35,981.85",224.57,63911.13,"35,778.02","42,994.25",200.69,217.14,182.34,199.45,164.16,
9/28/2019,"36,365.13",229.61,60249.24,"36,668.03","45,586.32",210.71,221.54,187.51,200.03,164.36,
10/5/2019,"36,642.18",259.49,56513.62,"36,420.11","43,939.87",225.55,245.34,210.83,200.38,165.17,
10/12/2019,"38,466.15",262.72,52414.23,"38,396.47","47,600.04",231.12,259.38,223.73,200.02,165.47,
10/19/2019,"36,969.35",265.13,48286.65,"38,361.89","45,941.09",238.02,275.91,239.69,200.42,166.20,
10/26/2019,"39,359.64",309.28,45196.74,"36,756.72","48,269.22",270.84,271.01,233.40,200.82,166.26,
11/2/2019,"38,934.65",333.92,42479.61,"35,733.80","49,161.41",273.52,302.15,265.44,201.34,167.01,
11/9/2019,"36,997.60",304.78,40940.52,"33,374.02","44,636.89",273.51,231.00,191.07,201.84,166.60,
11/16/2019,"35,701.78",323.3,40042.04,"34,463.45","45,120.15",301.65,271.20,232.07,202.46,167.01,
11/23/2019,"36,526.57",314.8,38558.95,"36,186.84","44,707.91",334.73,266.69,226.68,201.57,166.45,
11/30/2019,"36,852.60",233.26,38048.06,"37,956.28","45,402.30",308.2,257.47,217.81,201.32,166.51,
12/7/2019,"37,186.23",215.25,38738.17,"39,577.77","44,881.01",322.84,224.90,182.96,201.44,166.39,
12/14/2019,"38,753.59",226.76,40116.10,"39,159.52","47,810.23",317.33,242.57,201.18,202.45,166.59,
12/21/2019,"35,026.23",193.28,41268.14,"36,021.38","43,231.12",234.99,239.25,196.28,202.62,166.64,
12/28/2019,"36,159.06",287.31,40780.14,"40,534.93","43,006.73",217.57,256.13,213.10,202.52,166.87,
1/4/2020,"39,207.95",361.62,42204.56,"44,075.53","48,471.33",226.59,342.18,298.65,203.26,167.59,
1/11/2020,"41,419.54",263.04,43822.41,"42,019.69","51,049.97",195.13,247.50,205.02,204.25,168.57,
1/18/2020,"38,603.06",349.15,45630.08,"40,351.51","45,952.15",290.33,284.27,241.26,206.54,170.51,
1/25/2020,"40,430.38",318.05,51058.46,"41,692.39","49,921.42",368.51,251.31,206.30,206.87,170.56,
2/1/2020,"40,547.76",186.86,55316.14,"42,857.63","47,549.00",268.32,230.52,184.92,208.34,170.99,
2/8/2020,"38,998.32",145.56,64840.12,"39,805.17","46,242.77",355.42,228.13,184.93,209.56,171.72,
2/15/2020,"42,078.80",141.62,72459.95,"42,036.28","50,802.83",333,200.37,156.26,210.42,172.39,
2/22/2020,"36,948.25",140.51,79997.92,"38,934.15","45,621.19",190.96,169.55,122.69,210.27,172.18,
2/29/2020,"37,352.06",53.84,89358.47,"39,078.26","44,672.34",150.67,151.46,105.28,209.68,171.60,
3/7/2020,"39,693.75",87.91,94823.34,"40,520.36","48,242.77",146.13,176.40,130.32,209.35,171.38,
3/14/2020,"41,241.18",99.08,97331.65,"41,639.26","48,960.64",143.85,180.43,134.56,209.48,171.06,
3/21/2020,"35,145.08",101.8,102474.47,"35,985.29","42,801.03",58.6,148.73,102.55,207.41,168.82,
3/28/2020,"35,328.05",0,105851.12,"35,447.50","42,634.62",86.62,102.61,60.69,203.34,165.74,
4/4/2020,"32,790.95",0.08,107881.13,"33,860.38","41,932.59",100.86,88.82,51.72,199.95,162.80,
4/11/2020,"31,698.55",0.05,109306.31,"33,876.01","40,894.16",101.98,105.97,70.76,197.55,160.98,
4/18/2020,"31,133.38",0,111415.55,"33,110.23","40,756.28",39.68,103.98,68.09,196.28,159.80,
4/25/2020,"32,004.57",0,112012.38,"33,205.43","41,288.18",39.68,94.61,57.69,192.06,155.55,
5/2/2020,"31,707.62",25.82,112098.61,"32,959.65","40,857.49",39.68,102.81,66.32,189.51,152.86,
5/9/2020,"31,697.71",42.39,112042.27,"32,687.88","41,355.89",39.68,119.22,83.00,188.94,152.33,
5/16/2020,"31,760.89",80.13,112074.37,"33,118.25","41,132.21",39.68,123.01,87.51,186.87,150.08,
5/23/2020,"30,894.94",91.87,112381.27,"32,487.35","40,677.72",53.85,134.99,100.32,185.52,149.04,
5/30/2020,"31,726.72",102.42,111393.40,"32,961.77","41,707.15",61.33,139.28,105.31,185.22,149.28,
6/6/2020,"32,695.17",112.53,110985.53,"31,493.82","41,898.05",78.88,137.68,102.93,185.74,149.12,
6/13/2020,"32,121.08",125.44,110379.05,"28,317.63","41,587.55",91.41,157.03,121.57,185.86,149.52,
6/20/2020,"33,153.92",116.4,108411.11,"32,038.25","42,847.20",104.09,152.35,116.36,187.26,151.01,
6/27/2020,"32,713.35",94.47,106811.69,"33,501.32","42,386.08",114.92,136.48,101.04,186.82,150.88,
7/4/2020,"33,073.39",81.88,105117.32,"31,488.65","42,891.17",127.68,129.10,93.37,186.68,150.23,
7/11/2020,"33,651.66",83.71,103122.83,"30,427.36","42,835.77",117.82,133.94,97.64,186.33,149.63,
7/18/2020,"33,804.17",88.05,100763.72,"29,649.89","43,523.29",96.57,136.14,99.85,186.76,149.73,
7/25/2020,"34,085.89",91.42,97859.72,"30,412.48","43,901.76",83.69,131.55,93.58,185.77,148.85,
8/1/2020,"33,589.83",90.75,94927.78,"30,455.82","43,607.84",85.45,141.24,103.63,186.20,148.96,
8/8/2020,"35,181.50",99.51,91448.02,"31,661.57","45,258.00",90.32,146.44,107.32,186.26,149.03,
8/15/2020,"35,995.21",90.21,89027.59,"31,117.59","45,730.16",93.25,122.43,83.62,184.49,147.60,
8/22/2020,"33,999.61",54.81,87389.34,"30,319.69","44,540.19",92.98,119.21,79.60,183.82,146.35,
8/29/2020,"36,688.70",63.45,84094.68,"32,763.23","45,734.16",103.18,125.61,86.80,182.66,145.48,
9/5/2020,"37,503.36",70.47,80003.16,"32,826.20","47,362.41",94.16,134.67,95.03,183.19,145.60,
9/12/2020,"39,133.87",83.66,75375.58,"33,661.24","46,896.75",58.27,135.03,92.91,183.30,147.66,
9/19/2020,"37,061.07",98.3,70497.60,"33,791.83","45,323.11",66.89,148.08,106.07,183.47,147.38,
9/26/2020,"41,146.21",168.74,65370.55,"37,088.54","51,557.93",76.24,174.41,132.70,183.49,147.47,
10/3/2020,"42,003.88",262.04,59984.65,"38,298.38","51,368.97",88.98,236.05,192.51,185.26,148.99,
10/10/2020,"37,725.79",282.62,55779.54,"35,072.19","48,399.05",105.54,259.18,213.07,186.39,150.19,
10/17/2020,"37,541.81",318.74,51911.53,"35,765.20","45,735.18",172.67,246.42,198.96,187.55,150.89,
10/24/2020,"37,934.63",318.62,48454.43,"37,703.75","46,938.21",261.89,232.34,185.08,186.76,150.55,
10/31/2020,"34,375.96",368.03,46072.85,"36,284.56","44,317.91",281.43,306.61,259.53,188.80,152.69,
11/7/2020,"38,458.58",630.47,42329.49,"37,858.40","45,791.17",315.94,331.00,282.98,191.00,154.66,
11/14/2020,"37,911.87",475.62,40366.07,"37,286.39","46,773.35",317.03,331.33,281.94,192.55,155.68,
11/21/2020,"38,533.20",617.02,37949.58,"37,920.20","48,201.85",370.77,429.14,382.10,196.32,159.26,
11/28/2020,"41,723.63",744.43,34096.20,"38,809.12","49,203.25",559.75,438.27,391.31,199.31,161.66,
12/5/2020,"38,991.71",214.75,33768.90,"37,077.38","47,643.54",476.59,311.84,262.20,198.32,160.46,
12/12/2020,"40,748.72",262.84,33934.54,"38,775.54","48,742.34",559.75,263.51,213.68,197.27,159.71,
12/19/2020,"38,050.92",189.61,35282.01,"34,832.29","48,175.81",559.75,231.24,180.04,197.44,159.70,
12/26/2020,"35,663.71",220.72,38768.02,"33,699.41","45,105.71",210.74,242.98,192.59,197.62,159.90,
1/2/2021,"39,110.67",281.49,40561.55,"36,542.39","48,018.45",264.24,322.60,270.60,197.81,160.49,
1/9/2021,"41,511.69",361.74,42954.18,"39,581.85","48,395.66",198.36,252.18,196.83,198.30,160.69,
1/16/2021,"41,436.39",223.7,46440.95,"37,119.71","48,624.57",220.89,295.24,239.04,199.64,161.54,
1/23/2021,"42,742.70",177.73,47572.68,"38,670.97","50,962.52",297.43,280.80,224.00,201.60,162.27,
1/30/2021,"44,090.75",148.01,48326.79,"38,953.72","52,471.54",306.12,257.30,195.89,202.34,162.72,
2/6/2021,"39,246.78",179.93,51616.73,"37,543.93","46,432.00",215.56,231.24,173.19,202.59,163.33,
2/13/2021,"39,730.60",166.42,55640.07,"36,868.89","47,885.37",184.35,231.33,175.13,203.27,164.10,
2/20/2021,"41,373.48",175.74,59062.65,"37,234.69","49,041.91",152.1,222.09,163.46,203.18,163.99,
2/27/2021,"40,896.68",134.84,62989.98,"35,152.47","49,203.60",170.45,200.54,145.20,203.52,164.20,
3/6/2021,"40,705.83",81.27,66789.30,"37,036.62","48,545.77",173.37,165.37,112.20,202.23,163.26,
3/13/2021,"41,919.59",133.41,69874.41,"38,279.20","49,193.26",184.15,175.16,124.24,201.66,162.66,
3/20/2021,"42,783.99",139.33,71585.14,"37,463.61","49,655.86",119.64,192.63,144.42,202.17,163.72,
3/27/2021,"40,920.09",106.11,72475.84,"36,034.17","48,988.49",70.71,183.32,134.77,202.08,163.99,
4/3/2021,"39,115.64",157.67,72810.84,"33,504.40","47,222.18",117.4,229.90,180.76,203.73,165.46,
4/10/2021,"39,550.04",131.7,72167.61,"35,049.13","47,569.97",126.23,267.07,218.89,205.41,166.98,
4/17/2021,"37,859.68",164.9,71688.64,"34,988.37","46,087.32",99.96,284.40,235.92,210.55,172.73,
4/24/2021,"38,510.00",162.29,70992.44,"34,652.19","47,385.75",125.43,354.04,305.22,216.28,178.43,
5/1/2021,"38,032.62",173.48,69428.21,"35,009.60","48,204.41",108.77,336.24,285.16,219.22,181.13,
5/8/2021,"37,923.53",172.56,68271.09,"34,598.19","47,647.31",161.94,466.20,413.78,224.35,185.96,
5/15/2021,"38,344.49",220.13,67063.23,"34,571.70","48,496.02",146.95,459.76,408.02,226.77,188.37,
5/22/2021,"38,544.60",287.26,66010.59,"35,193.10","48,382.32",207.05,445.83,392.57,230.06,191.01,
5/29/2021,"38,218.17",325.11,65152.13,"34,749.89","47,535.39",191.8,473.80,420.80,234.06,195.58,
6/5/2021,"38,600.26",431.24,63375.54,"34,949.41","47,818.70",230.39,513.60,458.41,246.53,206.75,
6/12/2021,"37,180.48",434.26,61773.36,"35,284.88","46,837.47",231.73,583.82,531.40,250.79,210.34,
6/19/2021,"37,383.30",682.22,60369.98,"33,510.99","46,957.56",252.82,593.24,541.51,261.92,221.75,
6/26/2021,"36,368.69",944.55,59165.57,"31,031.87","45,668.70",276.15,581.01,526.13,270.33,229.03,
7/3/2021,"36,049.25",957.12,58030.45,"30,088.99","46,373.12",284.47,606.00,552.06,276.05,235.05,
7/10/2021,"37,011.37","1,030.55",56674.65,"29,421.44","47,068.32",321.3,573.65,520.47,279.39,237.54,
7/17/2021,"36,511.70","1,109.51",55165.37,"29,711.02","46,551.99",583.88,579.84,529.45,277.27,235.82,
7/24/2021,"36,603.66","1,239.00",53348.73,"29,849.48","47,290.74",583.88,592.61,543.25,277.59,235.26,
7/31/2021,"36,297.35","2,540.18",51744.96,"29,410.09","46,480.62",583.88,601.23,552.06,274.92,232.82,
8/7/2021,"37,295.52","2,901.00",50050.51,"29,330.11","47,171.56",583.88,594.50,544.94,275.68,233.34,
8/14/2021,"38,389.25","3,044.45",47934.34,"30,215.73","48,294.85",583.88,599.09,550.18,277.64,235.22,
8/21/2021,"40,218.18","2,449.89",45077.29,"31,812.18","49,991.50",583.88,603.33,554.77,280.38,237.77,
8/28/2021,"38,672.00","1,027.43",42200.37,"47,842.68","47,887.05",583.88,598.65,548.18,281.65,238.82,
9/4/2021,"39,310.64","1,261.35",38953.20,"32,803.01","49,358.76",583.88,594.10,542.86,282.00,239.15,
9/11/2021,"41,177.87",868.3,37030.64,"31,904.81","49,851.18",583.88,553.24,502.94,229.00,191.46,
9/18/2021,"40,613.22",712.8,35593.67,"29,459.70","49,744.49",583.88,530.81,479.52,229.45,191.37,
9/25/2021,"40,493.51",533.36,34031.16,"30,045.79","49,084.06",583.88,546.83,496.55,229.77,191.09,
10/2/2021,"39,197.03",426.2,33896.55,"29,480.65","47,781.80",583.88,449.85,399.10,227.18,188.58,
10/9/2021,"36,721.12",198.74,34522.50,"29,466.48","48,245.77",583.88,341.91,290.93,224.31,185.46,
10/16/2021,"36,700.37",172.6,35943.40,"31,296.52","45,793.85",549.01,300.43,248.49,220.81,182.38,
10/23/2021,"38,200.09",161.01,36755.07,"31,789.66","47,876.77",452.28,253.65,201.67,218.57,180.20,
10/30/2021,"37,809.99",94.09,38060.95,"32,905.19","47,579.86",209.43,230.35,176.08,217.51,179.31,
11/6/2021,"39,791.90",99.64,38029.17,"35,025.73","47,578.02",177.38,249.68,192.35,217.54,178.60,
11/13/2021,"38,938.29",68.91,38591.53,"33,956.99","49,496.88",161.22,226.71,171.03,215.87,177.15,
11/20/2021,"40,390.90",88.23,39796.31,"35,901.68","50,241.38",101.07,225.85,171.45,215.05,176.68,
11/27/2021,"41,768.81",41.61,40805.80,"36,631.75","50,098.05",107.09,229.99,175.68,215.15,176.84,
12/4/2021,"40,027.66",56.65,42078.29,"35,284.19","47,583.16",74.13,209.29,154.61,215.82,177.02,
12/11/2021,"41,826.55",84.57,44381.90,"36,165.63","49,106.97",94.1,305.03,250.36,217.81,179.25,
12/18/2021,"38,971.17",63.66,49018.60,"35,304.78","48,013.17",50.79,251.71,198.95,218.46,179.76,
12/25/2021,"37,048.64",63.54,52532.80,"33,924.35","45,943.31",59.15,241.27,187.20,218.97,180.34,
1/1/2022,"39,032.53",66.62,57997.78,"35,357.69","48,381.57",82.26,210.99,155.83,217.90,179.38,
1/8/2022,"39,362.48",50.35,70801.55,"35,234.34","48,835.02",66.34,161.40,108.27,213.44,175.20,
1/15/2022,"42,792.80",61.77,77052.13,"36,238.96","50,654.85",65.5,166.76,114.16,214.56,176.27,
1/22/2022,"44,452.20",61.39,80436.78,"38,034.75","51,474.96",69.7,163.98,111.88,215.59,177.62,
1/29/2022,"41,575.33",13.25,88966.61,"36,392.27","49,555.80",57.09,144.70,92.15,216.96,178.19,
2/5/2022,"41,622.88",6.98,100661.09,"37,063.87","48,459.23",62.1,131.17,79.14,215.33,177.02,
2/12/2022,"42,497.01",10.19,110277.68,"38,147.71","50,407.89",65.82,124.15,74.02,212.05,173.56,
2/19/2022,"43,282.92",11.59,117039.23,"38,361.58","51,053.47",55.7,128.04,79.28,212.92,174.58,
2/26/2022,"43,849.23",10.03,120335.97,"39,377.36","51,996.43",55.7,130.15,81.41,217.27,178.96,
3/5/2022,"45,550.97",12.08,121785.73,"41,719.94","52,710.06",55.7,121.75,72.88,218.23,180.22,
3/12/2022,"44,616.28",13.2,125580.17,"40,739.28","52,803.87",55.7,142.84,95.18,219.58,181.84,
3/19/2022,"42,888.40",11.94,128054.24,"37,899.69","51,563.11",55.7,133.71,86.69,222.39,184.66,
3/26/2022,"43,554.53",42.32,130425.30,"36,052.13","51,990.75",55.7,123.77,76.82,221.08,183.20,
4/2/2022,"42,343.95",40.15,132679.92,"34,197.90","50,602.34",55.7,117.73,71.46,220.49,182.11,
4/9/2022,"41,424.55",6.48,134590.27,"33,208.41","50,401.76",55.7,130.23,84.87,220.05,181.92,
4/16/2022,"38,051.70",26.83,135856.58,"31,330.54","48,271.06",55.7,128.60,83.41,217.86,179.64,
4/23/2022,"41,827.09",32.22,135978.13,"33,074.84","50,623.01",55.7,123.79,78.02,216.35,178.61,
4/30/2022,"40,516.77",20.36,136359.52,"30,603.36","49,640.40",55.7,122.22,77.58,214.26,176.57,
5/7/2022,"38,762.40",15.13,136469.70,"29,844.92","48,680.37",55.7,144.82,101.06,212.37,174.38,
5/14/2022,"37,409.09",40.92,136474.72,"30,553.77","47,484.63",55.7,147.61,104.25,213.74,176.12,
5/21/2022,"37,087.32",42.28,136122.59,"30,699.81","48,146.32",55.7,163.59,120.49,216.96,179.24,
5/28/2022,"38,658.86",39.5,135731.30,"31,309.56","48,139.90",55.7,141.44,96.66,214.89,177.35,
6/4/2022,"38,180.91",57.89,135441.50,"29,799.65","48,127.16",55.7,129.90,86.78,212.16,173.76,
6/11/2022,"36,242.77",50.17,135551.47,"28,145.72","46,855.70",55.7,139.23,97.06,212.61,174.93,
6/18/2022,"37,452.13",50.08,134760.19,"28,423.55","47,912.13",55.7,121.11,80.40,209.97,172.66,
6/25/2022,"36,897.77",45.35,133840.36,"28,189.55","47,323.47",55.76,116.27,76.35,208.08,170.81,
7/2/2022,"37,583.89",55.86,132568.44,"27,515.03","48,340.06",55.7,110.33,72.14,206.27,169.36,
7/9/2022,"38,016.41",56.96,130818.51,"27,929.49","48,536.22",55.7,127.88,91.43,204.59,168.23,
7/16/2022,"38,401.00",66.81,128767.14,"28,825.14","48,851.41",55.7,125.08,88.50,203.28,167.27,
7/23/2022,"38,253.96",72.01,126370.91,"29,624.65","48,415.84",57.17,134.29,99.04,204.33,168.50,
7/30/2022,"38,513.62",98.67,123373.53,"31,420.44","48,755.95",59,137.08,102.57,201.51,165.72,
8/6/2022,"38,198.39",91.12,120934.97,"31,038.67","47,785.59",68.82,137.15,102.54,199.23,163.72,
8/13/2022,"37,931.85",70.65,118759.96,"29,247.25","48,545.50",71.35,132.17,98.15,198.08,163.38,
8/20/2022,"37,143.81",51.65,116480.92,"29,112.25","47,830.96",110.92,127.99,94.40,197.20,162.39,
8/27/2022,"37,592.57",50.19,113684.82,"29,831.76","47,629.75",91.03,120.87,87.12,194.75,159.45,
9/3/2022,"37,965.98",36.98,110915.97,"29,812.94","49,242.43",69.36,113.89,80.03,193.39,158.72,
9/10/2022,"39,360.28",44.28,107764.54,"31,380.56","49,298.19",56.26,108.45,75.05,189.76,156.35,
9/17/2022,"38,406.46",40.81,105028.88,"31,633.60","48,595.70",59.93,109.16,76.43,188.36,155.09,
9/24/2022,"38,209.50",36,104588.05,"32,288.68","48,866.54",55.7,95.99,64.33,187.09,154.17,
10/1/2022,"38,468.03",10.21,104068.02,"32,407.56","48,829.56",55.7,92.50,61.31,183.34,151.11,
10/8/2022,"38,786.76",4.12,104296.77,"30,377.95","49,242.08",55.7,95.72,65.33,180.00,148.22,
10/15/2022,"40,663.13",3.02,103128.91,"30,808.88","49,298.12",55.7,90.63,60.78,175.02,144.14,
10/22/2022,"40,446.92",3.57,101925.98,"32,767.93","50,201.30",55.7,88.44,59.45,172.38,142.03,
10/29/2022,"38,210.20",0,101445.29,"33,665.51","48,275.09",55.7,88.17,59.97,171.72,141.57,
11/5/2022,"38,087.95",0,99788.99,"34,123.02","48,320.42",55.7,86.86,58.88,171.81,142.16,
11/12/2022,"39,075.33",0,98524.52,"34,965.61","48,583.07",55.7,90.82,62.88,171.21,141.76,
11/19/2022,"40,448.17",0,96288.31,"36,592.89","49,897.47",55.7,90.25,61.86,169.51,139.86,
11/26/2022,"39,816.21",0.07,94893.97,"38,438.71","48,798.67",55.7,90.00,61.66,168.39,139.17,
12/3/2022,"40,337.93",0.03,96786.96,"35,987.65","49,111.86",55.7,89.91,61.64,167.47,138.36,
12/10/2022,"40,884.11",0.01,98734.71,"36,845.10","49,793.52",55.7,93.05,64.59,164.24,135.39,
12/17/2022,"37,220.61",0.01,102105.91,"34,636.76","45,487.54",55.7,98.34,70.69,161.81,133.38,
12/24/2022,"36,330.73",0,107385.34,"32,944.34","45,965.04",55.7,97.30,69.90,159.41,131.04,
12/31/2022,"37,227.99",0,115576.77,"32,523.87","47,015.78",55.7,97.41,70.03,157.74,129.80,
1/7/2023,"38,434.22",0,128052.57,"35,025.07","48,931.24",55.7,98.12,70.52,155.91,127.72,
1/14/2023,"41,767.62",0,134337.59,"36,243.78","49,952.73",55.7,97.33,69.86,146.99,117.93,
1/21/2023,"41,295.31",0,139495.97,"36,915.33","49,374.53",67.13,96.84,69.53,140.39,112.14,
1/28/2023,"42,058.83",0,145062.63,"35,667.91","50,601.62",69.04,96.81,69.46,136.43,108.07,
2/4/2023,"42,799.45",0,149185.20,"36,700.23","50,749.23",69.04,96.47,69.34,133.03,104.91,
2/11/2023,"43,363.20",0,152751.47,"37,768.76","55,543.00",69.04,96.76,69.56,131.59,103.60,
2/18/2023,"40,430.42",0,156630.58,"34,203.99","50,502.54",69.04,96.81,69.5,130.62,102.44,
2/25/2023,"43,594.42",0,158637.88,"37,942.33","52,354.34",69.04,95.7,69.21,129.68,101.87,
3/4/2023,"43,709.63",0,164240.50,"37,363.34","51,897.10",69.04,96.21,69.34,128.88,100.91,
3/11/2023,"41,953.77",0,166841.92,"38,453.17","50,916.11",69.04,96.33,69.49,127.91,100.02,
3/18/2023,"42,776.35",0,168106.61,"40,807.71","52,141.30",69.04,95.81,69.31,126.16,98.56,
3/25/2023,"43,487.05",0,170136.03,"38,940.88","52,118.43",69.04,95.65,69.34,124.47,97.16,
4/1/2023,"40,794.09",0,172683.88,"36,416.04","50,588.52",69.04,95.69,69.38,123.14,95.71,
4/8/2023,"39,877.34",0,174991.11,"37,385.80","50,420.50",69.04,95.38,69.34,120.28,92.89,
4/15/2023,"39,430.16",0,175594.33,"38,238.56","50,393.93",69.04,95.08,69.26,118.49,91.24,
4/22/2023,"38,681.71",0,176423.19,"35,237.68","50,564.28",69.04,95.1,69.36,115.98,88.88,
4/29/2023,"39,360.00",0,176372.56,"37,866.35","49,823.48",69.04,94.58,69.34,113.62,86.61,
5/6/2023,"40,814.06",0,176403.92,"37,417.19","49,060.72",69.04,94.43,69.32,110.47,83.66,
5/13/2023,"38,876.09",0,176148.81,"36,596.00","48,474.17",69.04,95.05,69.39,109.09,82.33,
5/20/2023,"39,381.56",0,176184.44,"34,312.62","49,574.07",69.04,95.21,69.7,111.99,85.3,
5/27/2023,"40,044.02",0,176678.09,"35,808.02","49,375.52",69.04,95.74,69.83,118.63,91.49,
6/3/2023,"37,850.36",0,176777.83,"34,478.80","47,402.23",69.04,96.94,69.96,116.79,89.22,
6/10/2023,"39,406.35",0,176857.45,"36,085.10","48,745.05",69.04,97.21,70.23,115.31,88.49,
6/17/2023,"38,136.61",0,177287.23,"35,645.91","47,876.35",69.04,97.93,70.39,114.99,87.5,
6/24/2023,"38,365.27",0,176715.98,"34,217.79","48,625.60",69.04,98.79,70.41,114.8,86.7,
7/1/2023,"37,442.72",0,175734.89,"33,939.96","47,521.65",69.04,99.48,70.59,115.47,87.04,
7/8/2023,"39,106.24",0,174956.77,"33,107.68","49,593.96",69.04,100.01,70.9,116.8,87.85,
7/15/2023,"38,504.74",0,174175.33,"31,631.66","48,081.55",69.04,100.92,70.89,118.27,88.4,
7/22/2023,"39,047.59",0,172897.88,"31,735.05","48,868.00",69.04,102.12,70.26,118.81,87.99,
7/29/2023,"39,293.61",0,171354.45,"32,162.03","49,062.61",69.04,102.34,70.87,119.32,87.98,
8/5/2023,"40,763.51",0,169083.67,"34,290.08","49,662.16",69.04,102.89,70.5,119.12,87.76,
8/12/2023,"40,428.28",0,166743.66,"33,329.78","49,683.23",69.04,102.1,70.26,119.47,87.58,
8/19/2023,"42,147.76",0,163611.19,"38,063.17","52,087.11",69.04,102.16,70.14,119.09,87.25,
8/26/2023,"39,463.06",0,160896.81,"37,672.06","48,671.22",69.04,101.8,70.09,118.87,86.67,
9/2/2023,"41,214.84",0,159146.25,"35,005.43","51,993.75",69.04,101.54,69.83,117.53,85.23,
9/9/2023,"42,172.92",0,156000.03,"36,741.29","52,482.81",69.04,100.92,69.73,128.18,96.62,
9/16/2023,"44,159.44",0,152480.97,"37,979.90","53,925.48",69.04,101.18,69.65,127.9,96.16,
9/23/2023,"46,782.58",0,148135.22,"40,475.81","57,791.72",69.04,101.14,69.64,127.24,95.58,
9/30/2023,"43,827.31",0,145592.23,"36,280.59","54,171.47",69.04,101.26,69.98,128.53,96.78,
10/7/2023,"43,907.25",0,145114.80,"34,620.03","52,517.94",69.04,103.51,71.55,130.96,99.06,
10/14/2023,"43,649.81",0,144041.52,"34,059.02","52,361.94",117.59,112.64,80.93,137.64,105.75,
10/21/2023,"44,367.50",0,140972.94,"36,989.52","55,017.76",71.6,109.38,77.34,138.15,106.41,
10/28/2023,"43,849.61",0,139948.28,"37,511.76","53,516.06",69.04,110.83,79.04,138.77,106.74,
11/4/2023,"43,828.46",0,138277.44,"37,404.81","56,559.13",69.04,110.83,78.77,141.3,109.03,
11/11/2023,"50,590.50",0,133987.92,"43,115.56","61,389.81",69.04,106.74,74.51,141.71,109.21,
11/18/2023,"47,217.45",0,131537.75,"41,943.62","56,637.55",69.04,109.76,77.77,145.11,113.1,
11/25/2023,"45,432.64",0,130806.41,"39,006.59","55,343.93",69.04,110.82,78.87,148.58,116.88,
12/2/2023,"48,088.09",0,129787.88,"41,818.86","58,559.41",69.04,106.4,74.49,148.14,116.17,
12/9/2023,"46,335.49",0,128341.91,"40,070.89","57,308.70",69.04,105.3,73.04,148.87,116.83,
12/16/2023,"48,542.06",0,125171.81,"44,634.90","57,198.67",69.04,103.83,71.73,151.1,119.32,
12/23/2023,"43,057.46",0,124584.59,"38,251.00","50,995.07",69.04,105.64,73.74,153.85,122.08,
12/30/2023,"41,269.97",0,124501.27,"41,016.67","49,429.23",69.04,104.09,72.39,153.11,120.78,
1/6/2024,,,,,,,100.3,69.53,153.04,121.66,
1/13/2024,,,,,,,100.26,69.57,158.38,126.9,
1/20/2024,,,,,,,98.94,68.34,167.58,136.4,
1/27/2024,,,,,,,97.25,66.18,166.01,134.49,
2/3/2024,,,,,,,97.82,66.4,178.83,147.59,
2/10/2024,,,,,,,101.17,69.25,190.28,158.92,
2/17/2024,,,,,,,102.15,69.65,187.64,154.93,
2/24/2024,,,,,,,102.6,68.88,192.58,159.47,
3/2/2024,,,,,,,102.2,66.77,183.15,149.32,
3/9/2024,,,,,,,113.14,77.77,186.38,152.17,
3/16/2024,,,,,,,120.73,85.99,189.67,155.73,
3/23/2024,,,,,,,112.14,76.38,185.1,150.98,
3/30/2024,,,,,,,111.22,75.54,184.79,150.34,
4/6/2024,,,,,,,116.17,80.87,178.92,144.38,
4/13/2024,,,,,,,104.53,68.23,167,131.43,
4/20/2024,,,,,,,103.25,66.72,169.52,134.27,
4/27/2024,,,,,,,101.91,65.05,167.41,132.13,
5/4/2024,,,,,,,101.61,64.82,167.48,132.14,
5/11/2024,,,,,,,104.69,68.08,171.5,135.83,
5/18/2024,,,,,,,106.55,69.88,174.92,139.19,
5/25/2024,,,,,,,114.06,77.47,176.21,140.42,